Year,Predicted_CO2_Emissions
2025,11051145557.158066
2026,11105344535.111618
2027,11159543513.06517
2028,11213742491.018707
2029,11267941468.97226
2030,11322140446.925797
